date,SOXX,QQQ,SPY,IWM,EFA,EEM,AGG
2005-12-30,100.0,100.0,100.0,100.0,100.0,100.0,100.0
2006-01-31,108.95518686010377,103.93474673500715,102.4013545974406,108.438221015903,105.77154671921937,114.1983053514813,99.9404043993452
2006-02-28,106.54417281501995,101.70753849271314,102.98769318740113,108.7829856671416,105.03116975526447,109.80166753539982,100.10099239757764
2006-03-31,106.92140669385246,103.83425902654635,104.68738985576272,114.1229477426541,109.2377440512919,112.18130542594416,99.23269750562372
2006-04-28,109.43080124965081,103.63619421175305,106.00973795824925,114.46847912221334,114.47084119290538,119.49008868151063,99.08480481746453
2006-05-31,99.06508224551258,96.1327393934283,102.81661514525531,107.96390182930853,110.09594716960423,106.1756513582985,98.88808963575934
2006-06-30,95.10771562900203,96.07356452810451,103.08479903071282,107.91877009561102,110.02862631449217,106.40226202000203,98.72896338883066
2006-07-31,91.02113529303378,91.93516971300467,103.54646105335551,104.83449267165581,110.92046054453787,108.89518559421052,100.10023959565619
2006-08-31,99.21077272878985,96.32135305150072,105.80607064045307,107.97895075183726,113.74732669013339,110.61755629459545,101.69285418489898
2006-09-29,100.98297069593553,100.79025614516091,108.66301311335916,108.6717649589823,113.99971247041154,109.65441186438647,102.72142279855503
2006-10-31,99.99742818462754,105.57559591811845,112.08772285142474,115.05616886304261,118.27363107420913,117.39375341247089,103.42589922189515
2006-11-30,103.28251654763163,109.19557707999319,114.316603873642,117.83338662846856,121.9081481335554,124.41926351731418,104.52420799025421
2006-12-29,100.22723417602006,107.14412272515139,115.84515987978376,118.27284222730667,125.80583919591155,131.21231792214488,103.89647351036213
2007-01-31,99.89870476519668,109.40319265386155,117.5875097642587,120.27350702586234,127.55835079970046,131.36168566582452,103.82356866408648
2007-02-28,101.65640912393224,107.56613789990206,115.28077409861982,119.48536293085057,127.40372742476447,127.10938591339873,105.51116785304839
2007-03-30,99.16515443922766,108.13071724429946,116.61672864861228,120.65656299146721,131.09786114103278,133.8901117080145,105.30535326947721
2007-04-30,105.20055359183165,114.16697405059865,121.782285389377,122.61565908793305,136.011861416367,138.87792357519086,105.92636369337194
2007-05-31,106.088595724797,117.76883865093701,125.91326010482243,127.97653330254393,139.22485212512743,145.9114890269475,104.95475221926738
2007-06-29,108.40969910445959,118.33321879062599,124.07226571236059,126.13584411300734,138.77811416707064,151.27856037983517,104.55931194781431
2007-07-31,108.45910082019192,118.1591581431952,120.18755785647551,117.3109364473929,135.59948160244508,152.35888063685178,105.68125723475536
2007-08-31,109.94123230419571,121.49042528102527,121.7298902788955,119.80625376692873,134.74036383046638,153.94495879690052,107.03349413084926
2007-09-28,111.25968202760552,127.87127303207606,126.44257864455093,122.08059547428837,141.90529159979727,171.7586217262137,107.71076005366966
2007-10-31,106.5935516701712,136.87527051722728,128.15797506003477,125.55809928951345,147.93608400179272,192.14664582231046,108.79646121703368
2007-11-30,97.50883675761978,127.6225548867073,123.19409968614818,116.91000518819496,142.57535749473078,177.4475041882892,110.75861384462667
2007-12-31,98.07367599515538,127.53149620111088,121.80685034983152,116.15601057122913,138.32479773841325,174.95144688765953,110.74839620301329
2008-01-31,84.53717724860105,112.36816660065243,114.44227341641884,108.5652724088003,127.47026261582974,159.3419429928993,113.30989610017907
2008-02-29,82.85334685765311,106.94024777302971,111.48479888758122,105.38208703148202,126.1663182774304,162.5197577030237,113.12863893851129
2008-03-31,81.8133733027733,108.94250963182432,110.48784258100622,104.68043289781662,126.69491773862904,156.42026866743146,113.27532568184486
2008-04-30,88.13588420841351,117.63899038184333,115.75399399777646,109.44767146864103,133.5847223756417,170.71437370561873,113.64633278025535
2008-05-30,95.61399748807935,124.61607995899924,117.50380461678125,114.46025558512723,135.1705793908829,176.11540522226176,112.20849572781255
2008-06-30,84.73969913646441,112.63414915408273,107.68331311003135,105.8453863777033,123.29344974294713,159.79036057893973,112.00100013024203
2008-07-31,77.77186260242111,113.35735078100973,106.71568088953424,109.7331950816934,119.19978826940256,150.99551317176926,112.44209820366844
2008-08-29,81.19786358725494,115.00310261333337,108.36483421245953,113.65662658481617,114.13661736214351,141.45896478575625,113.27641468656617
2008-09-30,67.09663990607044,97.08987374958929,98.15972126552664,104.84654985034516,101.08371215239349,120.69044343112982,111.28298058107245
2008-10-31,55.262877251024264,82.06851623811647,81.94506716629137,82.8750477889735,80.02312549353188,89.8202911045197,108.7446275158019
2008-11-28,44.80281548630629,72.66148336015404,76.24114775796876,72.99167919365438,74.92404856670252,81.06074969345475,112.03331214281194
2008-12-31,47.359940077844854,74.31623813860465,76.98804421764449,76.49947629448923,81.56863807365495,89.43717094644629,119.49742359023953
2009-01-30,46.124597139409765,72.61698324168256,70.66621675634458,69.10428392160188,70.36792412783669,81.12746171892852,117.12355409042598
2009-02-27,45.37339272969512,68.79373580873957,63.073192847284666,60.823603024758256,63.05839899491288,76.04131076604975,115.88751180546896
2009-03-31,51.98409269325535,75.89086282310036,68.32786689906467,65.54206414388995,68.34964700231642,88.86413124950022,117.16579870310501
2009-04-30,58.44452148460272,85.80273023333179,75.1159455398584,75.62666885560085,76.22283918348164,102.68979821748925,117.76939236021529
2009-05-29,60.798344070948275,88.556093445158,79.50676672519556,78.19848611748172,86.27802563328626,119.05855785320682,118.60530215203413
2009-06-30,61.41004749971538,91.17105918582158,79.45468471508403,79.61688089206285,85.06587499873942,116.38037112358532,119.10421979828125
2009-07-31,70.90800170631377,98.86468809910124,85.38245299647788,86.9186376470521,93.60773177851591,129.19919831615744,120.61572180767767
2009-08-31,72.76737278429533,100.31815205317527,88.53642931750201,89.46811455041382,97.82295424222234,127.5020644282364,122.08756650420275
2009-09-30,75.02878718673574,105.98416477505195,91.67571675831263,94.44489546110366,101.53681750712784,140.50143945119905,123.53812810174492
2009-10-30,68.01003442346301,102.74819495633598,89.9132121557372,88.31475971561295,98.97422763947354,135.6627595614512,123.81216261866315
2009-11-30,72.63339263368069,109.27038951492658,95.45243182373629,91.07411722133448,102.85525558824074,146.31500296574296,125.40487222174066
2009-12-31,82.85294108233879,114.95540415259921,97.27572262670814,98.29148875938697,103.58512576136123,151.1080424387111,123.04569332253001
2010-01-29,72.33432479673513,107.51785289197096,93.74047951232201,94.62370101564441,98.33840262538436,139.383583242285,124.78668297786221
2010-02-26,78.10695300001692,112.46787962413613,96.66470278186995,98.85824381028495,98.60074405903127,141.85948252844372,125.03425979618217
2010-03-31,83.1726863148789,121.14014593515599,102.54963893265337,106.99492260478958,104.89680947693772,153.36559270554937,125.02579625613333
2010-04-30,84.85567657947183,123.85677801213843,104.13603799571392,113.07058305479296,101.95488459064205,153.11062132855463,126.24264574647182
2010-05-28,79.30186985836956,114.7008094683326,95.86200289054261,104.54885630443864,90.54329020624033,138.72809412260276,127.60909086523837
2010-06-30,73.89007306698927,107.84666239704575,90.90200996124355,96.45324257675439,88.67635308352031,136.78779681743066,129.86629799349785
2010-07-30,77.72741591763973,115.67444461450624,97.11063822021583,102.94543194541976,98.97203481594002,151.7420964767288,130.97620575845232
2010-08-31,69.5962901391798,109.74045729211521,92.74256601318743,95.2823281600219,95.21602712440627,146.83058446257184,132.66167809926722
2010-09-30,79.97571977682585,124.19644417382116,101.04807217840208,107.14048071460283,104.7109237087377,164.09408684489156,132.6713548928982
2010-10-29,85.50352258693992,132.0678300885653,104.90832242253092,111.58483645910428,108.69574139598195,169.04212298078485,132.8733396880535
2010-11-30,89.67895057130877,131.8400505714353,104.90832242253092,115.47362988280032,103.45255961138007,164.13070920256584,131.76388506600318
2010-12-31,94.15866432025662,138.11176734306625,111.92169914382258,124.75011046149677,112.04748975646525,176.07579649207324,130.8739416372404
2011-01-31,100.5655364852588,142.01725311979473,114.52947634231496,124.2876755638723,114.3954057180864,169.31213427988243,130.76267312799723
2011-02-28,104.94387498736953,146.50606561736694,118.50793539469076,131.17572977126392,118.45622174394434,169.23828050171846,131.14245073423035
2011-03-31,100.03977741109406,145.84926555990745,118.52219488011117,134.4853651859339,115.6271393221572,179.88263556019143,130.84993968083245
2011-04-29,102.90095058868283,150.03962513657973,121.95479474749975,138.03241577000796,122.13212101853017,184.79826366014925,132.90106911028607
2011-05-31,100.8016291364507,148.21110298429682,120.58710076571826,135.5558832943279,119.43775066494149,179.365148286166,134.54875517989845
2011-06-30,94.14932577288195,145.20912122945603,118.55278925911865,132.29644603382715,117.99164803939297,177.68729811286798,133.94983181820373
2011-07-29,89.00927270890114,147.62716758239964,116.18122392544848,127.7901281172956,115.18606518103458,175.85812530072477,136.20902692823634
2011-08-31,82.00320756813252,140.14405377818844,109.79406583552533,116.42783079478608,105.10165671922174,159.58255227576322,138.2800069403952
2011-09-30,78.09952331116314,133.85039128784848,102.17205777793204,103.44575975936156,93.74196306722305,131.02572858156933,139.34562364084536
2011-10-31,89.12052944191377,147.77347237379303,113.3239146778233,119.06718028443817,102.76697978310511,152.3407364591092,139.52186699554122
2011-11-30,85.9401025342783,143.79537648085184,112.86336192506275,118.61671987911551,100.5303232315699,149.35434429770834,139.06040672645327
2011-12-30,84.18227815749204,142.91223560693413,114.04263210420267,119.22771214733692,98.34384364206647,142.98469660911155,140.9469868116412
2012-01-31,94.59434127464199,154.9432039709024,119.33130885616026,127.7474018057805,103.52610714722101,158.70017743375115,141.96967187629957
2012-02-29,98.29223458065236,164.87513018857715,124.51089249349914,131.02911928924584,108.52968485021609,167.06669650419556,141.95058140427233
2012-03-30,101.48849815583691,173.20633590495544,128.51565197695152,134.28485821314115,108.98633155632542,161.86593859428694,141.13726297885327
2012-04-30,95.78667488733163,171.18070069370825,127.65773907181305,132.11195015243612,106.72284516390947,159.11474291556797,142.415812991724
2012-05-31,85.7317397679468,159.129324914057,119.99110079291326,123.42015253684092,94.82938660276287,142.08021868105678,143.95151429395438
2012-06-29,89.52109825889242,164.89212899036082,124.86053614949523,129.655427782536,101.50855705410224,149.23447680620035,143.92295167347865
2012-07-31,89.29864765946512,166.5369290668554,126.33754688901683,127.68358294850337,101.58985569344937,149.19634161508134,145.88336481702015
2012-08-31,92.31004343053195,175.17217650289717,129.5026695832115,132.19771848712776,104.84072244506154,149.80650467298534,145.8834232870723
2012-09-28,89.16307869846483,176.7283636849374,132.78566114810863,136.50855074967237,107.68522498955771,157.62481809160187,146.27226375138883
2012-10-31,85.74299860413291,167.3984672968397,130.36916143848686,133.54735577201347,108.86366242806777,156.93833553349089,146.20323985482472
2012-11-30,87.5304160031383,169.5891989436396,131.10698693315862,134.28359536649538,111.89104880052551,159.3791842369828,146.59902363783414
2012-12-31,89.7561678990806,168.79730489309844,132.2784385487744,139.14314953051422,116.79319375718384,170.22272248327877,146.23947666964523
2013-01-31,96.62064603087734,173.30689001498573,139.04978868408747,147.82314554352695,121.14774259957237,169.72378215434162,145.33110055694186
2013-02-28,100.13917521766702,173.90293263638245,140.82388694607624,149.30828326672568,119.58669849661425,165.84723486464168,146.18973327277786
2013-03-28,102.47125167625211,179.16315430031503,146.1711224129411,156.26458381159892,121.14774259957237,164.15842156066648,146.33383271630373
2013-04-30,104.27111094651494,183.70911641534227,148.97933752255665,155.7185529761913,127.22775040461698,166.15430075954063,147.7511906329807
2013-05-31,110.20718087428921,190.2812449541724,152.4967696987545,161.8413747348586,123.38667405894451,158.1325308897995,144.7945501233791
2013-06-28,110.15976802911158,185.72352976134945,150.46177831706584,160.5174905012133,120.08245251012627,149.71076392784218,142.52781237661904
2013-07-31,112.67444337914137,197.4500690631657,158.23711609869068,172.29013781415375,126.4743103100934,151.69388227837433,142.91143438878112
2013-08-30,108.23472421680793,196.66832338582486,153.49128382244382,166.8385190477114,124.00137995440335,147.8442123413023,141.73039780538505
2013-09-30,116.10984006280259,206.1717824095824,158.34866928764478,177.66485824020214,133.70436611100286,158.49893129123086,143.31872215455127
2013-10-31,119.97727886845611,216.39151516318572,165.68137260339557,181.9644150862667,138.06337095843276,165.1095812064434,144.51205206641205
2013-11-29,121.02252178727682,224.07579252209874,170.5917883255428,189.1637083732295,138.8178312435842,164.6817440494072,144.14981547582417
2013-12-31,127.07612939271782,230.63480675095903,175.01464415158924,192.98694652551046,141.8387212297448,164.0122071905956,143.34719706994875
2014-01-31,125.69538458584171,226.20356441411516,168.8456365080041,187.6336493907742,134.46139446221764,149.84752800068057,145.5560787001055
2014-02-28,134.13684846772384,237.85852282404548,176.53076560018118,196.60035669404186,142.7053790313067,154.90916417523954,146.10401617632462
2014-03-31,139.64453396647997,231.3564368740753,177.99516286765586,195.12897497894878,142.0500883109841,160.9124507567802,145.88769160087932
2014-04-30,137.0511039146002,230.61758661061046,179.2325355297354,187.81620590053066,144.4175989684583,162.16804357431855,147.08634228748585
2014-05-30,143.11421009148347,240.96226498409516,183.39181451862518,189.29215791777034,146.72168191206708,166.95500224272647,148.82057865179462
2014-06-30,151.82852643894785,248.48950263121753,187.17793154087246,199.27166823094277,148.07262537732396,170.96491464181113,148.73492002539354
2014-07-31,145.22120126867082,251.4265325841908,184.66278732326379,187.2071379700552,144.21758297374544,173.2982146404162,148.36174953505346
2014-08-29,154.53472773733742,264.02160441464196,191.9501715968942,196.24848853042084,144.47749705727773,178.20217231094347,150.0675694540169
2014-09-30,153.04049157564725,262.0240017326383,189.30200445067703,184.61499489073293,138.86819582688094,164.36043394350295,149.14476585594528
2014-10-31,153.56914251331972,268.9465645543331,193.76026745570346,196.7876188109427,138.49998909451398,166.69377323648317,150.731745393912
2014-11-28,164.6529009391584,281.1737716899343,199.08322422530918,197.00708351731055,138.5866232135817,164.12314503534233,151.72200881465272
2014-12-31,165.00935454978142,274.87383425127973,198.5781843828398,202.70637056520954,133.05316787952088,157.6180692826635,151.94605143698192
2015-01-30,156.98000979347293,269.150085364751,192.69445590491196,196.06363183570247,133.884236272397,156.53492965422717,155.06446396337202
2015-02-27,172.06160377949416,288.58423111021983,203.5247408334052,207.72236737441702,142.36952524080604,163.43499246628593,153.67698424334418
2015-03-31,167.46222631883836,281.7765651375602,200.32830810221455,211.39904014634587,140.33568727662808,160.98783701557647,154.2528119344393
2015-04-30,165.30704503671637,287.19322889915827,202.29829984709968,205.97676753052895,145.4531159084305,172.01989002683214,153.75486635280916
2015-05-29,180.01922346263734,293.65071512830275,204.89909043447955,210.5831359759602,145.73740903007078,164.95937845729105,153.0823438129695
2015-06-30,164.45178497703196,286.3561485805945,200.737127728133,212.23188750922893,141.1930109202612,160.12466729943708,151.43411689537473
2015-07-31,156.32652865276654,299.40755413028273,205.27166198328152,209.8889461680046,144.06176351324572,150.0208751368181,152.73970930736522
2015-08-31,148.25478894882934,278.97452957531436,192.76038589710055,196.6429025988933,133.36500614811433,136.76474084278968,152.22681000989752
2015-09-30,146.28682439553197,272.8168021646026,187.84184745678408,186.9359717206541,127.47174013329084,132.480730529588,153.46209218417656
2015-10-30,160.79700672695458,303.83571986107467,203.81966349045726,197.44679469225554,135.90022676375128,140.92749853775805,153.5672213379439
2015-11-30,164.51436581776184,305.6856011848696,204.56464556501376,203.8834639101731,134.8772218168821,137.3709646395812,152.96974511003992
2015-12-31,161.6785564548908,300.8106192931309,201.02924142758022,193.62725487658003,131.73203274272504,132.1236232478884,152.676473945964
2016-01-29,149.42303322419693,280.02334236505345,191.02069289290787,177.01888211311527,124.46342077187857,125.47433713827319,154.5706697554446
2016-02-29,152.01457727813693,275.63999769365216,190.8628545235489,176.62346077410396,120.31314458165032,124.44821364823322,155.94183633092237
2016-03-31,165.37979883603066,294.5284774750936,203.70147257365997,190.7770701326395,128.23233328853877,140.57889848828643,157.30585494252466
2016-04-29,157.72636204485156,285.1425049615806,204.50435137948446,193.96730640372996,131.08143255402496,141.1535001366462,157.70676947261035
2016-05-31,171.42676544266544,297.6032685508555,207.98323642727786,198.31295715236502,130.96928194293076,135.94080656027452,157.72818412921063
2016-06-30,169.56165064368537,290.82382324521956,208.70615834433957,198.2784844457133,127.8006284843321,142.13847259227154,160.78051087915716
2016-07-29,188.32143211481863,311.6201971883141,216.3179324926976,209.92710217737311,132.88332372946982,149.79146475088248,161.65588064742136
2016-08-31,197.1942523012604,314.89233372853334,216.5770185759766,213.67238961705527,133.59309497458787,151.11519401499513,161.30761839929755
2016-09-30,205.4591296245241,321.8626392786753,216.58954259077495,215.96687673519264,135.37889762656755,154.92105072373363,161.39092360609953
2016-10-31,202.4951867046518,317.1723865531952,212.83455669102648,206.0387973550579,132.37963099118673,153.63864931872396,160.07205849227077
2016-11-30,217.07856861671993,318.55508856807336,220.67501934960285,228.83340481947383,130.02143103898325,146.85436738315377,155.96545823199133
2016-12-30,223.6726803711278,322.16191115226536,225.14847219543475,235.4340336269001,133.5401740515569,146.48328112748138,156.36176824547016
2017-01-31,233.040969361792,338.72137801849084,229.1775193218711,236.0974039631435,137.93521390817673,156.23213702262984,156.69466748739129
2017-02-28,239.60248192756762,353.54052615054275,238.18223228755423,240.65420567772847,139.5776035557982,158.95174984729223,157.70662329747998
2017-03-31,250.15222860946858,360.7063843227665,238.47992811931164,240.71683685780303,144.088288469571,164.80943112157738,157.6194883022621
2017-04-28,248.72677993627383,370.54271441426454,240.8471458307018,243.4833730453502,147.58118665290465,167.61269184741917,159.04915416491684
2017-05-31,270.4363764881667,384.9842146868983,244.2461455555313,238.68580360419438,152.8089834937847,172.38249852105795,160.1419302045911
2017-06-30,256.8325247545802,376.0606405693005,245.80322053251393,246.74011923978435,153.26136181611756,173.97989346116057,160.11270979602867
2017-07-31,269.2528156234698,391.33344422395436,250.85558701667588,248.84339032830857,157.32797064852932,184.1101602090618,160.647549980566
2017-08-31,277.0750435151161,399.44807015458616,251.58745465859357,245.71327457788973,157.2574485055849,188.43971270310527,162.15967323426653
2017-09-29,291.43441459309764,398.26882254855644,256.65672856273335,261.2033816026396,160.9714348969455,188.35566203458023,161.23282058508352
2017-10-31,317.4405430576759,416.6144694996011,262.7046647661176,263.10718305668723,163.67464690264262,194.5346632383634,161.3906020208127
2017-11-30,317.14641882139074,424.829096193851,270.73436528829745,270.8455765563946,164.8029542844371,193.77803039694982,161.15113792222868
2017-12-29,312.6636646151581,427.3912671533238,274.0178041394374,269.7662936909234,167.02590275730554,201.0671173469538,161.91692019524905
2018-01-31,339.65654720184205,464.8184232482519,289.46118467876437,276.66711918671473,175.4116469183559,217.75162693448667,160.0952857204877
2018-02-28,340.4114721711288,458.8090812114435,278.93639625410293,266.03271765049186,166.9308843129626,204.9075727530445,158.48041596764503
2018-03-29,332.1699812223187,440.09503835299324,271.29057467694304,269.27176895799664,165.5293417378279,206.0169708476995,159.5439862162699
2018-04-30,311.26756892808106,442.3212173709604,272.6926560250709,271.91436576759503,168.04743018671365,200.21370245945457,158.0426068346521
2018-05-31,345.7851260829629,467.4137064570325,279.32161705785126,288.6739944846676,164.86416572211087,194.96513311853718,159.0885922150926
2018-06-29,329.96210630078764,472.7658942946776,280.9279829787904,290.44754232753763,162.25254807267228,186.10262079729466,159.25191368826313
2018-07-31,343.40204766796927,485.986402507943,291.33531403609277,295.2371588416028,166.88002722384553,192.6739763373202,159.2053276742119
2018-08-31,352.3248982361233,514.0796227859641,300.6347886357805,307.96373645653347,163.148967297379,185.4154407640241,160.10966935331683
2018-09-28,344.08091548397454,512.631758697582,302.42218024490535,300.8035162461463,164.72375465799104,184.3416630204761,159.1173887157769
2018-10-31,303.0068522305755,468.5673230572478,281.523446208104,267.7517826809302,151.32586084740552,168.1924214117408,158.09261334675415
2018-11-30,312.8430515949599,467.32579077905757,286.74547730988456,272.37389160776763,152.07693222345975,176.4388765188013,159.3123863397002
2018-12-31,292.37643055801306,426.8517765352568,261.4980117231935,239.7649361307792,143.941169945231,170.2831375851288,162.46867284237103
2019-01-31,321.7798471175779,465.31457577531296,282.43499767947895,266.9108771537361,153.49156138182124,187.89558384270305,163.94853524479728
2019-02-28,342.3697552683352,479.2330087513949,291.590410326086,280.73453775828784,157.3851482290077,185.01827286682132,163.76189883833163
2019-03-29,354.13822238864725,498.0408548936462,296.8682806424176,274.85794102776777,158.82996095836003,187.11085552303072,167.23797267372876
2019-04-30,395.2806159189199,525.4295102519043,308.99617874417055,284.1938355343698,163.48271034864956,191.51398673461188,166.90291003987804
2019-05-31,329.81152365315745,482.2120044962716,289.2910369920036,261.8771704237106,155.25469703973513,177.4763069653013,170.09211518190983
2019-06-28,372.2344069119424,518.8121069096255,309.4218521157176,280.16896286764813,164.43277752878873,188.49358529148665,171.9607595786005
2019-07-31,393.1901072206974,530.92543535359,314.10007260350295,282.07871774159725,161.23068057972156,183.48585117609048,172.2734574175035
2019-08-30,384.0911387358373,520.8404092505798,308.84095252646955,268.16939403957434,158.1286678491497,176.54524639243255,177.06740237584287
2019-09-30,398.3999879296132,525.6209681105356,314.85044000442275,273.63213788361037,163.13195239391837,179.53236549977436,175.98355763663466
2019-10-31,422.7852326132708,548.6434546700278,321.8099992449808,281.06332890284637,168.660576480408,187.04399614365002,176.3497701907688
2019-11-29,439.9719089179584,570.9700085137879,333.45901480374334,292.4902569126196,170.56182484194667,186.86823240343847,176.2889028664797
2019-12-31,474.86954609401823,593.1600849984358,343.14780734916343,300.6405488932878,175.67086914847386,201.31368955125234,176.20638700538174
2020-01-31,459.6646992850582,611.1828875187294,343.00918439679515,291.31307336432417,170.71240263335827,188.93065662669184,179.78171375430506
2020-02-28,438.3513680457541,574.160869532979,315.8546870767554,265.54438687968485,157.45611597245625,181.79697893055248,182.63071089789682
2020-03-31,389.4210374954679,532.3283677132993,276.41348714731924,208.51316495077378,135.24427936900153,153.1276554401982,181.66858618975374
2020-04-30,446.0285912715558,612.0378741271929,311.5134341528452,237.3873116084622,143.1120363966492,164.3889616598887,184.79158861523769
2020-05-29,477.9474032894547,652.4377399517548,326.35564409040046,253.03586078558982,150.87857175188307,169.27936277097646,186.03436957370508
2020-06-30,515.142117374453,693.4544763566698,332.1433133748248,261.71477435862045,156.17618715596416,180.4601253451274,187.26051580233556
2020-07-31,552.2654607252931,744.399221286661,351.70392799621845,269.3553874466128,159.20378460234494,195.35182906475262,189.7570993241008
2020-08-31,584.2726974708424,825.8718221730555,376.2517484419231,284.10627816693,166.7213699917142,200.99259556441163,188.19428253518544
2020-09-30,581.4037859865552,778.1477747008029,362.16348419523007,274.84062198805435,163.30896133102277,198.961940843497,188.0111104793097
2020-10-30,583.0644243179888,754.4538354708552,353.1334906111039,280.8957010445095,157.51037369699964,201.75972000400017,186.96138301553157
2020-11-30,690.5803890047921,839.1473551535531,391.5462184452974,332.142739556371,179.98621687282724,219.90051843033905,189.21761077041748
2020-12-31,725.2078141123854,880.2857835014455,406.05242695726196,360.8612854666346,189.01327396996513,235.57824718401773,189.37985054762322
2021-01-29,748.6176892433193,882.5864650803553,401.9144924678786,378.3467202594729,187.5366008045669,243.05545595522955,187.96974291741296
2021-02-26,797.368930001358,881.4081470962981,413.0899213527654,401.8139288677572,191.73346570013572,244.97038874121847,185.11612663970126
2021-03-31,812.4381678433007,896.5400023528289,431.8439178553447,407.4193443149876,196.55201365695189,243.19222002806796,182.99410227201466
2021-04-30,808.6827230243999,949.5241165520188,454.6930167166972,414.70320322555085,202.35506902234545,246.11016138789304,184.3336511667918
2021-05-28,829.089997992841,938.1178320197442,457.678491364334,415.82806884137875,209.40158432086614,250.1679539831431,184.70943819196566
2021-06-30,871.4042934914554,996.8636546693417,467.9430665443846,423.59983757386715,207.1442190722175,252.54553874258394,186.23863470089427
2021-07-30,876.5648410663822,1025.3837485036129,479.36675718547457,408.2344216214981,208.74610597927864,236.289219961464,188.31813672315408
2021-08-31,898.2054901057119,1068.6410952009262,493.63264774490796,417.22835529709295,211.76610476443093,239.99841250724242,187.9407710065722
2021-09-30,857.4759815304793,1007.9086261282871,470.6266408695817,405.2107157348738,204.85953147686783,230.7025421692499,186.2169569290593
2021-10-29,912.7859687239818,1087.1706744993958,503.64749406987903,422.4379284564301,211.37221737143074,233.1753175525813,186.20077534212655
2021-11-30,1017.8093070912151,1108.879915085673,499.60073440822777,404.13633391709925,201.78706909551772,223.65047889037402,186.70499183684984
2021-12-31,1044.9500290557985,1121.657790436868,522.7062177439526,413.3162668629491,210.64736606714635,227.02107180516592,186.03520277194824
2022-01-31,923.8496669899152,1023.5462842733083,495.13803432367285,373.9077240962716,202.9904249832724,226.97458655931965,182.3171944782637
2022-02-28,913.6183682025777,977.7328312932004,480.5230815803589,377.7723956456446,196.02948843420438,217.16875382015002,180.2284103352249
2022-03-31,913.6459837845326,1023.3719580195997,498.58607451216284,382.14527276660687,197.04686474312655,209.82604969520335,175.1600800396544
2022-04-29,773.6882027056869,884.2368539556134,454.8256997077611,344.31607006934684,183.76761792993236,196.95297661768558,168.49373398377367
2022-05-31,822.6444114337653,870.2079730356508,455.8523110922336,344.9862206893669,187.43548466911466,198.16125900749876,169.77522211676498
2022-06-30,675.9268936905254,792.690603768444,418.26251837899173,316.123499787045,171.00368464711607,187.9407920213557,167.13860282009833
2022-07-29,787.5211403223616,892.1868925293918,456.7792313189112,349.5165627599453,179.84256934188792,187.28461525010772,171.38069280872443
2022-08-31,714.7490525432167,846.3983180039778,438.1417439368561,342.51690448023413,168.84185380128892,184.80062132266048,166.16683055335034
2022-09-30,619.5693889503839,757.2257025867063,397.6373982826355,309.4282176167408,153.27117675353765,163.47566214460448,159.2791461150524
2022-10-31,634.6343747242443,787.5136718064801,429.9555826869451,343.96974941063394,162.30163448610185,160.241784184682,157.242824226306
2022-11-30,754.2794321980311,831.1746515107299,453.8575575809472,351.54965565629766,183.67367830786256,185.22246608748068,163.23128311506218
2022-12-30,678.3176075396026,756.2551772473694,427.70251242471727,328.6492547175215,180.34384645638545,180.33719289235484,161.81044623028225
2023-01-31,786.893571650319,836.7430871262738,454.5995517834018,360.91859465013056,196.58138811123786,196.8006716194607,167.1991485591006
2023-02-28,798.8817518154731,833.7326170374697,443.16963491781206,354.69844349640744,190.53694626222088,181.9074157720156,162.74212265876776
2023-03-31,868.9795173765563,912.8764706149262,459.6015001622755,337.50502695651403,196.49894029164318,187.76001824830783,167.04057777766735
2023-04-28,805.40927069717,917.5129823368505,466.9436143805748,331.45112054337284,202.26869288251694,186.18985431020985,168.00194237513247
2023-05-31,931.5728857048672,989.847930445684,469.0990331102746,328.7457722825908,194.16360668109945,181.71707381860972,166.07943244289777
2023-06-30,992.6344122155973,1052.2464591639755,499.4966061709041,355.26678462255694,202.84283740577015,189.71057138540374,165.4678649324254
2023-07-31,1047.5047447136049,1092.8642106718169,515.8467432730832,376.96949578893265,208.32658483096145,201.1718368568272,165.4424743122789
2023-08-31,999.3074158353415,1076.6568270607645,507.4631677670505,357.80886485270776,200.12889580898653,187.8403163040025,164.39805300573343
2023-09-29,930.165405448408,1021.9642447468889,483.39190397587373,336.8641623515648,192.8265940947614,181.9897767824076,160.1407608035481
2023-10-31,868.7763325318415,1000.8556284903017,472.89813932501283,313.57297051147845,187.230918858728,175.995380553253,157.62555457017277
2023-11-30,1008.7183855308981,1109.1364907500954,516.0944325028958,342.4296177227898,202.61900523674404,189.71057138540374,164.8651117823148
2023-12-29,1133.5894632838492,1171.103674873126,539.6568992471636,383.95321814668534,213.46109872419885,196.47435148072012,170.96130174215907
2024-01-31,1153.168087908993,1192.4083085627813,548.2517727742947,368.97459408124826,212.4979449608329,187.58144496027046,170.70292258170423
2024-02-29,1283.1147633175458,1255.4074616107628,576.8633139759775,389.73041080551724,218.84367138229263,195.3993949059165,168.1857429840688
2024-03-28,1334.9880736348462,1271.4136041986155,595.7279154206763,403.32017417060666,226.23761435809254,200.72535451876473,169.70359630288013
2024-04-30,1264.4922596358492,1215.8048572969403,571.7083579191672,375.7034018232198,218.90033300429255,200.28557187167166,165.4979623917701
2024-05-31,1382.792566287684,1290.5989653971462,600.6251988187349,394.6324507388329,229.97709378882146,204.19455666808847,168.26103779372613
2024-06-28,1459.223901560509,1374.1023033487086,621.815330896995,390.19525864226847,225.77599568846333,209.54041888196895,169.75098628014845
2024-07-31,1392.6612962589572,1351.0434287291482,629.345054856974,430.52444668148706,231.62719936096198,211.31159319633613,173.85752807037574
2024-08-30,1367.5749175533144,1365.9571326961218,644.0498942436408,423.25480982957737,239.1790021785174,213.37796650429576,176.39837342161923
2024-09-30,1367.6425848733365,1401.7670564328125,657.5779771998522,426.26224904869315,241.0525412244961,225.6286363260388,178.74941036606785
2024-10-31,1294.5126832789936,1389.6469107610494,651.7100110891206,420.22205354199167,228.34129433812964,218.69152874177252,174.24723096796149
2024-11-29,1277.5499492266495,1464.0044506758627,690.5736750218545,466.7483608175369,227.6206879649636,212.83676507484498,176.18305745457351
2024-12-31,1280.0987211333727,1470.6516019212631,673.9585297665417,427.66328719883927,220.90553527291505,209.22561199515815,173.1995938085477
2025-01-31,1295.781262644759,1502.4676040576228,692.0585222163498,438.34715022868795,231.51106179798865,213.7283151534632,174.09330855567424
2025-02-28,1238.6939109927848,1461.8487901246701,683.2729616181886,415.4503874909627,238.3477227117183,216.1797929854432,177.98837878478474
2025-03-31,1119.2354873030047,1350.9502009256157,645.2015310787006,386.9749996955638,238.7859825338674,218.63127081742323,177.9416612131162
2025-04-30,1093.4806652063328,1369.8205530785924,639.6075904117574,377.993634350872,247.60931811631065,218.9314601966644,178.70865673971866
2025-05-30,1218.9834265359223,1495.5466127397385,679.8037379532396,397.7992191097563,259.47120353647324,227.73674026044705,177.62408112485858
2025-06-30,1422.8984382108213,1591.0499537900412,714.7361494236628,419.7515228953345,265.6886908233736,243.68294783259103,180.20914445304118
2025-07-31,1430.8265791746508,1629.6120897780206,731.197714474648,426.75418795277375,260.13062192462365,245.29942019184693,179.73350519630662
2025-08-29,1462.360556170505,1645.1580252217507,746.2013410715045,457.4492091347712,271.9007136409337,251.86633546747635,181.8729682570472
2025-09-30,1619.5538437552436,1733.6054469650112,772.7814512899914,471.99206090408694,277.51823502799897,269.74853761070943,183.92224126234504
2025-10-31,1831.197103472934,1816.4783241483362,791.20255947923,480.32155683734493,280.8471287731516,279.3463262804514,185.0542214719865
2025-11-28,1772.5966556798714,1788.1225520646406,792.7453749707922,485.2373076771003,282.92773133760596,274.3958833640779,186.17513622425838
2025-12-31,1801.5756426909466,1776.1433547910005,793.3775872378142,481.79523873739987,290.5963987505362,280.3209250210274,185.65571751597585
